process_id,code_block_name,position,timestamp
265016,my-code-block,0,1746129778.99568
265016,my-code-block,1,1746129781.7855892
265016,my-function,0,1746129781.7872624
265016,my-function,1,1746129784.3252733
265016,my-code-block,0,1746129784.3266726
265016,my-code-block,1,1746129786.9071054
265016,my-function,0,1746129786.9082048
265016,my-function,1,1746129789.4858837
265016,my-code-block,0,1746129789.486994
265016,my-code-block,1,1746129792.0702057
265016,my-function,0,1746129792.0713246
265016,my-function,1,1746129794.6151624
265016,my-code-block,0,1746129778.99568
265016,my-code-block,1,1746129781.7855892
265016,my-function,0,1746129781.7872624
265016,my-function,1,1746129784.3252733
265016,my-code-block,0,1746129784.3266726
265016,my-code-block,1,1746129786.9071054
265016,my-function,0,1746129786.9082048
265016,my-function,1,1746129789.4858837
265016,my-code-block,0,1746129789.486994
265016,my-code-block,1,1746129792.0702057
265016,my-function,0,1746129792.0713246
265016,my-function,1,1746129794.6151624
